Count,Filename_0,Dev6/ai0,Dev6/ai1,,Load (N),displacement(mm)
0,D:/Zhiyuan/20231113_CT/T8Pure\Cali-00007_0.tif,0.0046,0.0175,,1.38,0.175
1,D:/Zhiyuan/20231113_CT/T8Pure\Cali-00007_0.tif,0.0046,0.0175,,1.38,0.175
2,D:/Zhiyuan/20231113_CT/T8Pure\Cali-00007_0.tif,0.0046,0.0175,,1.38,0.175
3,D:/Zhiyuan/20231113_CT/T8Pure\Cali-00007_0.tif,0.0046,0.0175,,1.38,0.175
4,D:/Zhiyuan/20231113_CT/T8Pure\Cali-00007_0.tif,0.0046,0.0175,,1.38,0.175
5,D:/Zhiyuan/20231113_CT/T8Pure\Cali-00007_0.tif,0.0046,0.0175,,1.38,0.175
6,D:/Zhiyuan/20231113_CT/T8Pure\Cali-00007_0.tif,0.0046,0.0175,,1.38,0.175
7,D:/Zhiyuan/20231113_CT/T8Pure\Cali-00007_0.tif,0.0046,0.0175,,1.38,0.175
8,D:/Zhiyuan/20231113_CT/T8Pure\Cali-00008_0.tif,0.0046,0.0276,,1.38,0.276
9,D:/Zhiyuan/20231113_CT/T8Pure\Cali-00009_0.tif,0.0046,0.0327,,1.38,0.327
10,D:/Zhiyuan/20231113_CT/T8Pure\Cali-00010_0.tif,0.0046,0.0429,,1.38,0.429
11,D:/Zhiyuan/20231113_CT/T8Pure\Cali-00011_0.tif,0.0046,0.048,,1.38,0.48
12,D:/Zhiyuan/20231113_CT/T8Pure\Cali-00012_0.tif,0.0046,0.0531,,1.38,0.531
13,D:/Zhiyuan/20231113_CT/T8Pure\Cali-00013_0.tif,0.0046,0.0633,,1.38,0.633
14,D:/Zhiyuan/20231113_CT/T8Pure\Cali-00014_0.tif,0.0046,0.0684,,1.38,0.684
15,D:/Zhiyuan/20231113_CT/T8Pure\Cali-00015_0.tif,0.0096,0.0734,,2.88,0.734
16,D:/Zhiyuan/20231113_CT/T8Pure\Cali-00016_0.tif,0.0096,0.0785,,2.88,0.785
17,D:/Zhiyuan/20231113_CT/T8Pure\Cali-00017_0.tif,0.03,0.0887,,9,0.887
18,D:/Zhiyuan/20231113_CT/T8Pure\Cali-00018_0.tif,0.0707,0.0938,,21.21,0.938
19,D:/Zhiyuan/20231113_CT/T8Pure\Cali-00019_0.tif,0.1266,0.0989,,37.98,0.989
20,D:/Zhiyuan/20231113_CT/T8Pure\Cali-00020_0.tif,0.1826,0.1091,,54.78,1.091
21,D:/Zhiyuan/20231113_CT/T8Pure\Cali-00021_0.tif,0.2284,0.1141,,68.52,1.141
22,D:/Zhiyuan/20231113_CT/T8Pure\Cali-00022_0.tif,0.3046,0.1192,,91.38,1.192
23,D:/Zhiyuan/20231113_CT/T8Pure\Cali-00023_0.tif,0.3911,0.1294,,117.33,1.294
24,D:/Zhiyuan/20231113_CT/T8Pure\Cali-00024_0.tif,0.503,0.1345,,150.9,1.345
25,D:/Zhiyuan/20231113_CT/T8Pure\Cali-00025_0.tif,0.6352,0.1396,,190.56,1.396
26,D:/Zhiyuan/20231113_CT/T8Pure\Cali-00026_0.tif,0.7777,0.1447,,233.31,1.447
27,D:/Zhiyuan/20231113_CT/T8Pure\Cali-00027_0.tif,0.9252,0.1548,,277.56,1.548
28,D:/Zhiyuan/20231113_CT/T8Pure\Cali-00028_0.tif,1.0676,0.165,,320.28,1.65
29,D:/Zhiyuan/20231113_CT/T8Pure\Cali-00029_0.tif,1.2049,0.1701,,361.47,1.701
30,D:/Zhiyuan/20231113_CT/T8Pure\Cali-00030_0.tif,1.3473,0.1752,,404.19,1.752
31,D:/Zhiyuan/20231113_CT/T8Pure\Cali-00031_0.tif,1.4846,0.1803,,445.38,1.803
32,D:/Zhiyuan/20231113_CT/T8Pure\Cali-00032_0.tif,1.622,0.1854,,486.6,1.854
33,D:/Zhiyuan/20231113_CT/T8Pure\Cali-00033_0.tif,1.7491,0.1905,,524.73,1.905
34,D:/Zhiyuan/20231113_CT/T8Pure\Cali-00034_0.tif,1.8814,0.2006,,564.42,2.006
35,D:/Zhiyuan/20231113_CT/T8Pure\Cali-00035_0.tif,2.0034,0.2057,,601.02,2.057
36,D:/Zhiyuan/20231113_CT/T8Pure\Cali-00036_0.tif,2.1255,0.2159,,637.65,2.159
37,D:/Zhiyuan/20231113_CT/T8Pure\Cali-00037_0.tif,2.2476,0.221,,674.28,2.21
38,D:/Zhiyuan/20231113_CT/T8Pure\Cali-00038_0.tif,2.3646,0.2261,,709.38,2.261
39,D:/Zhiyuan/20231113_CT/T8Pure\Cali-00039_0.tif,2.4714,0.2312,,741.42,2.312
40,D:/Zhiyuan/20231113_CT/T8Pure\Cali-00040_0.tif,2.5782,0.2413,,773.46,2.413
41,D:/Zhiyuan/20231113_CT/T8Pure\Cali-00041_0.tif,2.6748,0.2464,,802.44,2.464
42,D:/Zhiyuan/20231113_CT/T8Pure\Cali-00042_0.tif,2.7613,0.2515,,828.39,2.515
43,D:/Zhiyuan/20231113_CT/T8Pure\Cali-00043_0.tif,2.8528,0.2566,,855.84,2.566
44,D:/Zhiyuan/20231113_CT/T8Pure\Cali-00044_0.tif,2.9393,0.2668,,881.79,2.668
45,D:/Zhiyuan/20231113_CT/T8Pure\Cali-00045_0.tif,3.0207,0.2719,,906.21,2.719
46,D:/Zhiyuan/20231113_CT/T8Pure\Cali-00046_0.tif,3.1071,0.2769,,932.13,2.769
47,D:/Zhiyuan/20231113_CT/T8Pure\Cali-00047_0.tif,3.1936,0.2871,,958.08,2.871
48,D:/Zhiyuan/20231113_CT/T8Pure\Cali-00048_0.tif,3.275,0.2922,,982.5,2.922
49,D:/Zhiyuan/20231113_CT/T8Pure\Cali-00049_0.tif,3.3564,0.3024,,1006.92,3.024
50,D:/Zhiyuan/20231113_CT/T8Pure\Cali-00050_0.tif,3.4327,0.3075,,1029.81,3.075
51,D:/Zhiyuan/20231113_CT/T8Pure\Cali-00051_0.tif,3.514,0.3126,,1054.2,3.126
52,D:/Zhiyuan/20231113_CT/T8Pure\Cali-00052_0.tif,3.5852,0.3176,,1075.56,3.176
53,D:/Zhiyuan/20231113_CT/T8Pure\Cali-00053_0.tif,3.6564,0.3278,,1096.92,3.278
54,D:/Zhiyuan/20231113_CT/T8Pure\Cali-00054_0.tif,3.7277,0.3329,,1118.31,3.329
55,D:/Zhiyuan/20231113_CT/T8Pure\Cali-00055_0.tif,3.7887,0.338,,1136.61,3.38
56,D:/Zhiyuan/20231113_CT/T8Pure\Cali-00056_0.tif,3.8548,0.3431,,1156.44,3.431
57,D:/Zhiyuan/20231113_CT/T8Pure\Cali-00057_0.tif,3.9158,0.3533,,1174.74,3.533
58,D:/Zhiyuan/20231113_CT/T8Pure\Cali-00058_0.tif,3.9718,0.3583,,1191.54,3.583
59,D:/Zhiyuan/20231113_CT/T8Pure\Cali-00059_0.tif,4.0227,0.3685,,1206.81,3.685
60,D:/Zhiyuan/20231113_CT/T8Pure\Cali-00060_0.tif,4.0786,0.3736,,1223.58,3.736
61,D:/Zhiyuan/20231113_CT/T8Pure\Cali-00061_0.tif,4.1295,0.3787,,1238.85,3.787
62,D:/Zhiyuan/20231113_CT/T8Pure\Cali-00062_0.tif,4.1702,0.3838,,1251.06,3.838
63,D:/Zhiyuan/20231113_CT/T8Pure\Cali-00063_0.tif,4.221,0.394,,1266.3,3.94
64,D:/Zhiyuan/20231113_CT/T8Pure\Cali-00064_0.tif,4.2617,0.399,,1278.51,3.99
65,D:/Zhiyuan/20231113_CT/T8Pure\Cali-00065_0.tif,4.3024,0.4092,,1290.72,4.092
66,D:/Zhiyuan/20231113_CT/T8Pure\Cali-00066_0.tif,4.338,0.4143,,1301.4,4.143
67,D:/Zhiyuan/20231113_CT/T8Pure\Cali-00067_0.tif,4.3787,0.4194,,1313.61,4.194
68,D:/Zhiyuan/20231113_CT/T8Pure\Cali-00068_0.tif,4.4092,0.4245,,1322.76,4.245
69,D:/Zhiyuan/20231113_CT/T8Pure\Cali-00069_0.tif,4.4448,0.4347,,1333.44,4.347
70,D:/Zhiyuan/20231113_CT/T8Pure\Cali-00070_0.tif,4.4702,0.4397,,1341.06,4.397
71,D:/Zhiyuan/20231113_CT/T8Pure\Cali-00071_0.tif,4.5058,0.4448,,1351.74,4.448
72,D:/Zhiyuan/20231113_CT/T8Pure\Cali-00072_0.tif,4.5313,0.4499,,1359.39,4.499
73,D:/Zhiyuan/20231113_CT/T8Pure\Cali-00073_0.tif,4.5618,0.4601,,1368.54,4.601
74,D:/Zhiyuan/20231113_CT/T8Pure\Cali-00074_0.tif,4.5821,0.4652,,1374.63,4.652
75,D:/Zhiyuan/20231113_CT/T8Pure\Cali-00075_0.tif,4.6076,0.4754,,1382.28,4.754
76,D:/Zhiyuan/20231113_CT/T8Pure\Cali-00076_0.tif,4.6279,0.4804,,1388.37,4.804
77,D:/Zhiyuan/20231113_CT/T8Pure\Cali-00077_0.tif,4.6483,0.4855,,1394.49,4.855
78,D:/Zhiyuan/20231113_CT/T8Pure\Cali-00078_0.tif,4.6686,0.4957,,1400.58,4.957
79,D:/Zhiyuan/20231113_CT/T8Pure\Cali-00079_0.tif,4.6839,0.5008,,1405.17,5.008
80,D:/Zhiyuan/20231113_CT/T8Pure\Cali-00080_0.tif,4.6737,0.5059,,1402.11,5.059
81,D:/Zhiyuan/20231113_CT/T8Pure\Cali-00081_0.tif,4.6788,0.5161,,1403.64,5.161
82,D:/Zhiyuan/20231113_CT/T8Pure\Cali-00082_0.tif,4.6737,0.5211,,1402.11,5.211
83,D:/Zhiyuan/20231113_CT/T8Pure\Cali-00083_0.tif,4.6737,0.5262,,1402.11,5.262
84,D:/Zhiyuan/20231113_CT/T8Pure\Cali-00084_0.tif,4.6686,0.5313,,1400.58,5.313
85,D:/Zhiyuan/20231113_CT/T8Pure\Cali-00085_0.tif,4.6584,0.5415,,1397.52,5.415
86,D:/Zhiyuan/20231113_CT/T8Pure\Cali-00086_0.tif,4.6533,0.5466,,1395.99,5.466
87,D:/Zhiyuan/20231113_CT/T8Pure\Cali-00087_0.tif,4.6533,0.5517,,1395.99,5.517
88,D:/Zhiyuan/20231113_CT/T8Pure\Cali-00088_0.tif,4.6533,0.5568,,1395.99,5.568
89,D:/Zhiyuan/20231113_CT/T8Pure\Cali-00089_0.tif,4.6533,0.5669,,1395.99,5.669
90,D:/Zhiyuan/20231113_CT/T8Pure\Cali-00090_0.tif,4.6533,0.572,,1395.99,5.72
91,D:/Zhiyuan/20231113_CT/T8Pure\Cali-00091_0.tif,4.6584,0.5822,,1397.52,5.822
92,D:/Zhiyuan/20231113_CT/T8Pure\Cali-00092_0.tif,4.6584,0.5873,,1397.52,5.873
93,D:/Zhiyuan/20231113_CT/T8Pure\Cali-00093_0.tif,4.6635,0.5924,,1399.05,5.924
94,D:/Zhiyuan/20231113_CT/T8Pure\Cali-00094_0.tif,4.6635,0.5975,,1399.05,5.975
95,D:/Zhiyuan/20231113_CT/T8Pure\Cali-00095_0.tif,4.6635,0.6076,,1399.05,6.076
96,D:/Zhiyuan/20231113_CT/T8Pure\Cali-00096_0.tif,4.6635,0.6127,,1399.05,6.127
97,D:/Zhiyuan/20231113_CT/T8Pure\Cali-00097_0.tif,4.6635,0.6229,,1399.05,6.229
98,D:/Zhiyuan/20231113_CT/T8Pure\Cali-00098_0.tif,4.6584,0.628,,1397.52,6.28
99,D:/Zhiyuan/20231113_CT/T8Pure\Cali-00099_0.tif,4.6533,0.6331,,1395.99,6.331
100,D:/Zhiyuan/20231113_CT/T8Pure\Cali-00100_0.tif,4.6533,0.6433,,1395.99,6.433
101,D:/Zhiyuan/20231113_CT/T8Pure\Cali-00101_0.tif,4.6533,0.6433,,1395.99,6.433
102,D:/Zhiyuan/20231113_CT/T8Pure\Cali-00102_0.tif,4.6533,0.6534,,1395.99,6.534
103,D:/Zhiyuan/20231113_CT/T8Pure\Cali-00103_0.tif,4.6483,0.6636,,1394.49,6.636
104,D:/Zhiyuan/20231113_CT/T8Pure\Cali-00104_0.tif,4.6483,0.6636,,1394.49,6.636
105,D:/Zhiyuan/20231113_CT/T8Pure\Cali-00105_0.tif,4.6381,0.6738,,1391.43,6.738
106,D:/Zhiyuan/20231113_CT/T8Pure\Cali-00106_0.tif,4.633,0.6789,,1389.9,6.789
107,D:/Zhiyuan/20231113_CT/T8Pure\Cali-00107_0.tif,4.633,0.684,,1389.9,6.84
108,D:/Zhiyuan/20231113_CT/T8Pure\Cali-00108_0.tif,4.6279,0.6941,,1388.37,6.941
109,D:/Zhiyuan/20231113_CT/T8Pure\Cali-00109_0.tif,4.6177,0.6992,,1385.31,6.992
110,D:/Zhiyuan/20231113_CT/T8Pure\Cali-00110_0.tif,4.6177,0.7043,,1385.31,7.043
111,D:/Zhiyuan/20231113_CT/T8Pure\Cali-00111_0.tif,4.6127,0.7145,,1383.81,7.145
112,D:/Zhiyuan/20231113_CT/T8Pure\Cali-00112_0.tif,4.6076,0.7196,,1382.28,7.196
113,D:/Zhiyuan/20231113_CT/T8Pure\Cali-00113_0.tif,4.6025,0.7247,,1380.75,7.247
114,D:/Zhiyuan/20231113_CT/T8Pure\Cali-00114_0.tif,4.5974,0.7297,,1379.22,7.297
115,D:/Zhiyuan/20231113_CT/T8Pure\Cali-00115_0.tif,4.5923,0.7399,,1377.69,7.399
116,D:/Zhiyuan/20231113_CT/T8Pure\Cali-00116_0.tif,4.5872,0.745,,1376.16,7.45
117,D:/Zhiyuan/20231113_CT/T8Pure\Cali-00117_0.tif,4.5821,0.7501,,1374.63,7.501
118,D:/Zhiyuan/20231113_CT/T8Pure\Cali-00118_0.tif,4.572,0.7603,,1371.6,7.603
119,D:/Zhiyuan/20231113_CT/T8Pure\Cali-00119_0.tif,4.572,0.7654,,1371.6,7.654
120,D:/Zhiyuan/20231113_CT/T8Pure\Cali-00120_0.tif,4.5618,0.7704,,1368.54,7.704
121,D:/Zhiyuan/20231113_CT/T8Pure\Cali-00121_0.tif,4.5516,0.7806,,1365.48,7.806
122,D:/Zhiyuan/20231113_CT/T8Pure\Cali-00122_0.tif,4.5465,0.7857,,1363.95,7.857
123,D:/Zhiyuan/20231113_CT/T8Pure\Cali-00123_0.tif,4.5364,0.7908,,1360.92,7.908
124,D:/Zhiyuan/20231113_CT/T8Pure\Cali-00124_0.tif,4.5262,0.801,,1357.86,8.01
125,D:/Zhiyuan/20231113_CT/T8Pure\Cali-00125_0.tif,4.516,0.8061,,1354.8,8.061
126,D:/Zhiyuan/20231113_CT/T8Pure\Cali-00126_0.tif,4.5058,0.8111,,1351.74,8.111
127,D:/Zhiyuan/20231113_CT/T8Pure\Cali-00127_0.tif,4.5008,0.8213,,1350.24,8.213
128,D:/Zhiyuan/20231113_CT/T8Pure\Cali-00128_0.tif,4.4906,0.8264,,1347.18,8.264
129,D:/Zhiyuan/20231113_CT/T8Pure\Cali-00129_0.tif,4.4855,0.8264,,1345.65,8.264
130,D:/Zhiyuan/20231113_CT/T8Pure\Cali-00130_0.tif,4.4753,0.8417,,1342.59,8.417
131,D:/Zhiyuan/20231113_CT/T8Pure\Cali-00131_0.tif,4.4652,0.8468,,1339.56,8.468
132,D:/Zhiyuan/20231113_CT/T8Pure\Cali-00132_0.tif,4.4499,0.8518,,1334.97,8.518
133,D:/Zhiyuan/20231113_CT/T8Pure\Cali-00133_0.tif,4.4397,0.8569,,1331.91,8.569
134,D:/Zhiyuan/20231113_CT/T8Pure\Cali-00134_0.tif,4.4295,0.862,,1328.85,8.62
135,D:/Zhiyuan/20231113_CT/T8Pure\Cali-00135_0.tif,4.4245,0.8722,,1327.35,8.722
136,D:/Zhiyuan/20231113_CT/T8Pure\Cali-00136_0.tif,4.4092,0.8773,,1322.76,8.773
137,D:/Zhiyuan/20231113_CT/T8Pure\Cali-00137_0.tif,4.4041,0.8875,,1321.23,8.875
138,D:/Zhiyuan/20231113_CT/T8Pure\Cali-00138_0.tif,4.3889,0.8925,,1316.67,8.925
139,D:/Zhiyuan/20231113_CT/T8Pure\Cali-00139_0.tif,4.3787,0.8976,,1313.61,8.976
140,D:/Zhiyuan/20231113_CT/T8Pure\Cali-00140_0.tif,4.3685,0.9078,,1310.55,9.078
141,D:/Zhiyuan/20231113_CT/T8Pure\Cali-00141_0.tif,4.3533,0.9078,,1305.99,9.078
142,D:/Zhiyuan/20231113_CT/T8Pure\Cali-00142_0.tif,4.3431,0.918,,1302.93,9.18
143,D:/Zhiyuan/20231113_CT/T8Pure\Cali-00143_0.tif,4.3329,0.9231,,1299.87,9.231
144,D:/Zhiyuan/20231113_CT/T8Pure\Cali-00144_0.tif,4.3227,0.9332,,1296.81,9.332
145,D:/Zhiyuan/20231113_CT/T8Pure\Cali-00145_0.tif,4.3075,0.9434,,1292.25,9.434
146,D:/Zhiyuan/20231113_CT/T8Pure\Cali-00146_0.tif,4.2973,0.9485,,1289.19,9.485
147,D:/Zhiyuan/20231113_CT/T8Pure\Cali-00147_0.tif,4.282,0.9485,,1284.6,9.485
148,D:/Zhiyuan/20231113_CT/T8Pure\Cali-00148_0.tif,4.2719,0.9587,,1281.57,9.587
149,D:/Zhiyuan/20231113_CT/T8Pure\Cali-00149_0.tif,4.2566,0.9689,,1276.98,9.689
150,D:/Zhiyuan/20231113_CT/T8Pure\Cali-00150_0.tif,4.2464,0.9739,,1273.92,9.739
151,D:/Zhiyuan/20231113_CT/T8Pure\Cali-00151_0.tif,4.2312,0.979,,1269.36,9.79
152,D:/Zhiyuan/20231113_CT/T8Pure\Cali-00152_0.tif,4.2159,0.9841,,1264.77,9.841
153,D:/Zhiyuan/20231113_CT/T8Pure\Cali-00153_0.tif,4.2058,0.9892,,1261.74,9.892
154,D:/Zhiyuan/20231113_CT/T8Pure\Cali-00154_0.tif,4.1956,0.9943,,1258.68,9.943
155,D:/Zhiyuan/20231113_CT/T8Pure\Cali-00155_0.tif,4.1803,1.0045,,1254.09,10.045
156,D:/Zhiyuan/20231113_CT/T8Pure\Cali-00156_0.tif,4.1702,1.0096,,1251.06,10.096
157,D:/Zhiyuan/20231113_CT/T8Pure\Cali-00157_0.tif,4.1549,1.0197,,1246.47,10.197
158,D:/Zhiyuan/20231113_CT/T8Pure\Cali-00158_0.tif,4.1396,1.0248,,1241.88,10.248
159,D:/Zhiyuan/20231113_CT/T8Pure\Cali-00159_0.tif,4.1244,1.0299,,1237.32,10.299
160,D:/Zhiyuan/20231113_CT/T8Pure\Cali-00160_0.tif,4.1142,1.0401,,1234.26,10.401
161,D:/Zhiyuan/20231113_CT/T8Pure\Cali-00161_0.tif,4.0989,1.0452,,1229.67,10.452
162,D:/Zhiyuan/20231113_CT/T8Pure\Cali-00162_0.tif,4.0837,1.0503,,1225.11,10.503
163,D:/Zhiyuan/20231113_CT/T8Pure\Cali-00163_0.tif,4.0735,1.0604,,1222.05,10.604
164,D:/Zhiyuan/20231113_CT/T8Pure\Cali-00164_0.tif,4.0583,1.0655,,1217.49,10.655
165,D:/Zhiyuan/20231113_CT/T8Pure\Cali-00165_0.tif,4.043,1.0706,,1212.9,10.706
166,D:/Zhiyuan/20231113_CT/T8Pure\Cali-00166_0.tif,4.0328,1.0808,,1209.84,10.808
167,D:/Zhiyuan/20231113_CT/T8Pure\Cali-00167_0.tif,4.0227,1.0859,,1206.81,10.859
168,D:/Zhiyuan/20231113_CT/T8Pure\Cali-00168_0.tif,4.0074,1.091,,1202.22,10.91
169,D:/Zhiyuan/20231113_CT/T8Pure\Cali-00169_0.tif,3.9921,1.0961,,1197.63,10.961
170,D:/Zhiyuan/20231113_CT/T8Pure\Cali-00170_0.tif,3.982,1.1062,,1194.6,11.062
171,D:/Zhiyuan/20231113_CT/T8Pure\Cali-00171_0.tif,3.9667,1.1113,,1190.01,11.113
172,D:/Zhiyuan/20231113_CT/T8Pure\Cali-00172_0.tif,3.9514,1.1215,,1185.42,11.215
173,D:/Zhiyuan/20231113_CT/T8Pure\Cali-00173_0.tif,3.9362,1.1266,,1180.86,11.266
174,D:/Zhiyuan/20231113_CT/T8Pure\Cali-00174_0.tif,3.9209,1.1317,,1176.27,11.317
175,D:/Zhiyuan/20231113_CT/T8Pure\Cali-00175_0.tif,3.9108,1.1368,,1173.24,11.368
176,D:/Zhiyuan/20231113_CT/T8Pure\Cali-00176_0.tif,3.8955,1.1469,,1168.65,11.469
177,D:/Zhiyuan/20231113_CT/T8Pure\Cali-00177_0.tif,3.8802,1.152,,1164.06,11.52
178,D:/Zhiyuan/20231113_CT/T8Pure\Cali-00178_0.tif,3.8701,1.1571,,1161.03,11.571
179,D:/Zhiyuan/20231113_CT/T8Pure\Cali-00179_0.tif,3.8599,1.1673,,1157.97,11.673
180,D:/Zhiyuan/20231113_CT/T8Pure\Cali-00180_0.tif,3.8446,1.1724,,1153.38,11.724
181,D:/Zhiyuan/20231113_CT/T8Pure\Cali-00181_0.tif,3.8345,1.1775,,1150.35,11.775
182,D:/Zhiyuan/20231113_CT/T8Pure\Cali-00182_0.tif,3.8192,1.1876,,1145.76,11.876
183,D:/Zhiyuan/20231113_CT/T8Pure\Cali-00183_0.tif,3.8039,1.1927,,1141.17,11.927
184,D:/Zhiyuan/20231113_CT/T8Pure\Cali-00184_0.tif,3.7887,1.1978,,1136.61,11.978
185,D:/Zhiyuan/20231113_CT/T8Pure\Cali-00185_0.tif,3.7785,1.208,,1133.55,12.08
186,D:/Zhiyuan/20231113_CT/T8Pure\Cali-00186_0.tif,3.7683,1.2131,,1130.49,12.131
187,D:/Zhiyuan/20231113_CT/T8Pure\Cali-00187_0.tif,3.7531,1.2182,,1125.93,12.182
188,D:/Zhiyuan/20231113_CT/T8Pure\Cali-00188_0.tif,3.7429,1.2283,,1122.87,12.283
189,D:/Zhiyuan/20231113_CT/T8Pure\Cali-00189_0.tif,3.7277,1.2334,,1118.31,12.334
190,D:/Zhiyuan/20231113_CT/T8Pure\Cali-00190_0.tif,3.7175,1.2385,,1115.25,12.385
191,D:/Zhiyuan/20231113_CT/T8Pure\Cali-00191_0.tif,3.7022,1.2436,,1110.66,12.436
192,D:/Zhiyuan/20231113_CT/T8Pure\Cali-00192_0.tif,3.692,1.2538,,1107.6,12.538
193,D:/Zhiyuan/20231113_CT/T8Pure\Cali-00193_0.tif,3.6768,1.2589,,1103.04,12.589
194,D:/Zhiyuan/20231113_CT/T8Pure\Cali-00194_0.tif,3.6666,1.2639,,1099.98,12.639
195,D:/Zhiyuan/20231113_CT/T8Pure\Cali-00195_0.tif,3.6514,1.269,,1095.42,12.69
196,D:/Zhiyuan/20231113_CT/T8Pure\Cali-00196_0.tif,3.6412,1.2792,,1092.36,12.792
197,D:/Zhiyuan/20231113_CT/T8Pure\Cali-00197_0.tif,3.6259,1.2843,,1087.77,12.843
198,D:/Zhiyuan/20231113_CT/T8Pure\Cali-00198_0.tif,3.6158,1.2945,,1084.74,12.945
199,D:/Zhiyuan/20231113_CT/T8Pure\Cali-00199_0.tif,3.6005,1.2996,,1080.15,12.996
200,D:/Zhiyuan/20231113_CT/T8Pure\Cali-00200_0.tif,3.5852,1.3046,,1075.56,13.046
201,D:/Zhiyuan/20231113_CT/T8Pure\Cali-00201_0.tif,3.5751,1.3097,,1072.53,13.097
202,D:/Zhiyuan/20231113_CT/T8Pure\Cali-00202_0.tif,3.5598,1.3199,,1067.94,13.199
203,D:/Zhiyuan/20231113_CT/T8Pure\Cali-00203_0.tif,3.5496,1.325,,1064.88,13.25
204,D:/Zhiyuan/20231113_CT/T8Pure\Cali-00204_0.tif,3.5344,1.3301,,1060.32,13.301
205,D:/Zhiyuan/20231113_CT/T8Pure\Cali-00205_0.tif,3.5191,1.3403,,1055.73,13.403
206,D:/Zhiyuan/20231113_CT/T8Pure\Cali-00206_0.tif,3.5089,1.3453,,1052.67,13.453
207,D:/Zhiyuan/20231113_CT/T8Pure\Cali-00207_0.tif,3.4937,1.3555,,1048.11,13.555
208,D:/Zhiyuan/20231113_CT/T8Pure\Cali-00208_0.tif,3.4784,1.3606,,1043.52,13.606
209,D:/Zhiyuan/20231113_CT/T8Pure\Cali-00209_0.tif,3.4683,1.3657,,1040.49,13.657
210,D:/Zhiyuan/20231113_CT/T8Pure\Cali-00210_0.tif,3.453,1.3759,,1035.9,13.759
211,D:/Zhiyuan/20231113_CT/T8Pure\Cali-00211_0.tif,3.4428,1.3759,,1032.84,13.759
212,D:/Zhiyuan/20231113_CT/T8Pure\Cali-00212_0.tif,3.4327,1.386,,1029.81,13.86
213,D:/Zhiyuan/20231113_CT/T8Pure\Cali-00213_0.tif,3.4174,1.3911,,1025.22,13.911
214,D:/Zhiyuan/20231113_CT/T8Pure\Cali-00214_0.tif,3.4021,1.4013,,1020.63,14.013
215,D:/Zhiyuan/20231113_CT/T8Pure\Cali-00215_0.tif,3.392,1.4064,,1017.6,14.064
216,D:/Zhiyuan/20231113_CT/T8Pure\Cali-00216_0.tif,3.3767,1.4115,,1013.01,14.115
217,D:/Zhiyuan/20231113_CT/T8Pure\Cali-00217_0.tif,3.3665,1.4166,,1009.95,14.166
218,D:/Zhiyuan/20231113_CT/T8Pure\Cali-00218_0.tif,3.3513,1.4267,,1005.39,14.267
219,D:/Zhiyuan/20231113_CT/T8Pure\Cali-00219_0.tif,3.3411,1.4318,,1002.33,14.318
220,D:/Zhiyuan/20231113_CT/T8Pure\Cali-00220_0.tif,3.3258,1.4369,,997.74,14.369
221,D:/Zhiyuan/20231113_CT/T8Pure\Cali-00221_0.tif,3.3106,1.442,,993.18,14.42
222,D:/Zhiyuan/20231113_CT/T8Pure\Cali-00222_0.tif,3.3004,1.4522,,990.12,14.522
223,D:/Zhiyuan/20231113_CT/T8Pure\Cali-00223_0.tif,3.2852,1.4573,,985.56,14.573
224,D:/Zhiyuan/20231113_CT/T8Pure\Cali-00224_0.tif,3.275,1.4674,,982.5,14.674
225,D:/Zhiyuan/20231113_CT/T8Pure\Cali-00225_0.tif,3.2648,1.4725,,979.44,14.725
226,D:/Zhiyuan/20231113_CT/T8Pure\Cali-00226_0.tif,3.2496,1.4776,,974.88,14.776
227,D:/Zhiyuan/20231113_CT/T8Pure\Cali-00227_0.tif,3.2394,1.4827,,971.82,14.827
228,D:/Zhiyuan/20231113_CT/T8Pure\Cali-00228_0.tif,3.2292,1.4929,,968.76,14.929
229,D:/Zhiyuan/20231113_CT/T8Pure\Cali-00229_0.tif,3.2139,1.498,,964.17,14.98
230,D:/Zhiyuan/20231113_CT/T8Pure\Cali-00230_0.tif,3.1987,1.5082,,959.61,15.082
231,D:/Zhiyuan/20231113_CT/T8Pure\Cali-00231_0.tif,3.1885,1.5132,,956.55,15.132
232,D:/Zhiyuan/20231113_CT/T8Pure\Cali-00232_0.tif,3.1783,1.5183,,953.49,15.183
233,D:/Zhiyuan/20231113_CT/T8Pure\Cali-00233_0.tif,3.1631,1.5285,,948.93,15.285
234,D:/Zhiyuan/20231113_CT/T8Pure\Cali-00234_0.tif,3.1529,1.5336,,945.87,15.336
235,D:/Zhiyuan/20231113_CT/T8Pure\Cali-00235_0.tif,3.1377,1.5387,,941.31,15.387
236,D:/Zhiyuan/20231113_CT/T8Pure\Cali-00236_0.tif,3.1224,1.5438,,936.72,15.438
237,D:/Zhiyuan/20231113_CT/T8Pure\Cali-00237_0.tif,3.1122,1.5539,,933.66,15.539
238,D:/Zhiyuan/20231113_CT/T8Pure\Cali-00238_0.tif,3.1021,1.559,,930.63,15.59
239,D:/Zhiyuan/20231113_CT/T8Pure\Cali-00239_0.tif,3.0868,1.5641,,926.04,15.641
240,D:/Zhiyuan/20231113_CT/T8Pure\Cali-00240_0.tif,3.0715,1.5743,,921.45,15.743
241,D:/Zhiyuan/20231113_CT/T8Pure\Cali-00241_0.tif,3.0614,1.5794,,918.42,15.794
242,D:/Zhiyuan/20231113_CT/T8Pure\Cali-00242_0.tif,3.0461,1.5845,,913.83,15.845
243,D:/Zhiyuan/20231113_CT/T8Pure\Cali-00243_0.tif,3.0359,1.5896,,910.77,15.896
244,D:/Zhiyuan/20231113_CT/T8Pure\Cali-00244_0.tif,3.0258,1.5997,,907.74,15.997
245,D:/Zhiyuan/20231113_CT/T8Pure\Cali-00245_0.tif,3.0105,1.6048,,903.15,16.048
246,D:/Zhiyuan/20231113_CT/T8Pure\Cali-00246_0.tif,3.0003,1.6099,,900.09,16.099
247,D:/Zhiyuan/20231113_CT/T8Pure\Cali-00247_0.tif,2.9851,1.6201,,895.53,16.201
248,D:/Zhiyuan/20231113_CT/T8Pure\Cali-00248_0.tif,2.9749,1.6252,,892.47,16.252
249,D:/Zhiyuan/20231113_CT/T8Pure\Cali-00249_0.tif,2.9647,1.6353,,889.41,16.353
250,D:/Zhiyuan/20231113_CT/T8Pure\Cali-00250_0.tif,2.9495,1.6404,,884.85,16.404
251,D:/Zhiyuan/20231113_CT/T8Pure\Cali-00251_0.tif,2.9393,1.6455,,881.79,16.455
252,D:/Zhiyuan/20231113_CT/T8Pure\Cali-00252_0.tif,2.924,1.6506,,877.2,16.506
253,D:/Zhiyuan/20231113_CT/T8Pure\Cali-00253_0.tif,2.9139,1.6608,,874.17,16.608
254,D:/Zhiyuan/20231113_CT/T8Pure\Cali-00254_0.tif,2.9037,1.6659,,871.11,16.659
255,D:/Zhiyuan/20231113_CT/T8Pure\Cali-00255_0.tif,2.8935,1.671,,868.05,16.71
256,D:/Zhiyuan/20231113_CT/T8Pure\Cali-00256_0.tif,2.8783,1.6811,,863.49,16.811
257,D:/Zhiyuan/20231113_CT/T8Pure\Cali-00257_0.tif,2.8681,1.6862,,860.43,16.862
258,D:/Zhiyuan/20231113_CT/T8Pure\Cali-00258_0.tif,2.8579,1.6913,,857.37,16.913
259,D:/Zhiyuan/20231113_CT/T8Pure\Cali-00259_0.tif,2.8427,1.7015,,852.81,17.015
260,D:/Zhiyuan/20231113_CT/T8Pure\Cali-00260_0.tif,2.8325,1.7015,,849.75,17.015
261,D:/Zhiyuan/20231113_CT/T8Pure\Cali-00261_0.tif,2.8223,1.7117,,846.69,17.117
262,D:/Zhiyuan/20231113_CT/T8Pure\Cali-00262_0.tif,2.8121,1.7167,,843.63,17.167
263,D:/Zhiyuan/20231113_CT/T8Pure\Cali-00263_0.tif,2.802,1.7218,,840.6,17.218
264,D:/Zhiyuan/20231113_CT/T8Pure\Cali-00264_0.tif,2.7867,1.732,,836.01,17.32
265,D:/Zhiyuan/20231113_CT/T8Pure\Cali-00265_0.tif,2.7765,1.7371,,832.95,17.371
266,D:/Zhiyuan/20231113_CT/T8Pure\Cali-00266_0.tif,2.7664,1.7473,,829.92,17.473
267,D:/Zhiyuan/20231113_CT/T8Pure\Cali-00267_0.tif,2.7562,1.7574,,826.86,17.574
268,D:/Zhiyuan/20231113_CT/T8Pure\Cali-00268_0.tif,2.7409,1.7574,,822.27,17.574
269,D:/Zhiyuan/20231113_CT/T8Pure\Cali-00269_0.tif,2.7308,1.7625,,819.24,17.625
270,D:/Zhiyuan/20231113_CT/T8Pure\Cali-00270_0.tif,2.7155,1.7727,,814.65,17.727
271,D:/Zhiyuan/20231113_CT/T8Pure\Cali-00271_0.tif,2.7053,1.7778,,811.59,17.778
272,D:/Zhiyuan/20231113_CT/T8Pure\Cali-00272_0.tif,2.6952,1.7829,,808.56,17.829
273,D:/Zhiyuan/20231113_CT/T8Pure\Cali-00273_0.tif,2.685,1.7931,,805.5,17.931
274,D:/Zhiyuan/20231113_CT/T8Pure\Cali-00274_0.tif,2.6697,1.7981,,800.91,17.981
275,D:/Zhiyuan/20231113_CT/T8Pure\Cali-00275_0.tif,2.6596,1.8032,,797.88,18.032
276,D:/Zhiyuan/20231113_CT/T8Pure\Cali-00276_0.tif,2.6494,1.8083,,794.82,18.083
277,D:/Zhiyuan/20231113_CT/T8Pure\Cali-00277_0.tif,2.6392,1.8185,,791.76,18.185
278,D:/Zhiyuan/20231113_CT/T8Pure\Cali-00278_0.tif,2.6239,1.8236,,787.17,18.236
279,D:/Zhiyuan/20231113_CT/T8Pure\Cali-00279_0.tif,2.6138,1.8338,,784.14,18.338
280,D:/Zhiyuan/20231113_CT/T8Pure\Cali-00280_0.tif,2.6036,1.8388,,781.08,18.388
281,D:/Zhiyuan/20231113_CT/T8Pure\Cali-00281_0.tif,2.5883,1.8439,,776.49,18.439
282,D:/Zhiyuan/20231113_CT/T8Pure\Cali-00282_0.tif,2.5782,1.849,,773.46,18.49
283,D:/Zhiyuan/20231113_CT/T8Pure\Cali-00283_0.tif,2.5629,1.8592,,768.87,18.592
284,D:/Zhiyuan/20231113_CT/T8Pure\Cali-00284_0.tif,2.5527,1.8643,,765.81,18.643
285,D:/Zhiyuan/20231113_CT/T8Pure\Cali-00285_0.tif,2.5426,1.8745,,762.78,18.745
286,D:/Zhiyuan/20231113_CT/T8Pure\Cali-00286_0.tif,2.5324,1.8795,,759.72,18.795
287,D:/Zhiyuan/20231113_CT/T8Pure\Cali-00287_0.tif,2.5222,1.8846,,756.66,18.846
288,D:/Zhiyuan/20231113_CT/T8Pure\Cali-00288_0.tif,2.507,1.8897,,752.1,18.897
289,D:/Zhiyuan/20231113_CT/T8Pure\Cali-00289_0.tif,2.4968,1.8999,,749.04,18.999
290,D:/Zhiyuan/20231113_CT/T8Pure\Cali-00290_0.tif,2.4866,1.905,,745.98,19.05
291,D:/Zhiyuan/20231113_CT/T8Pure\Cali-00291_0.tif,2.4714,1.9101,,741.42,19.101
292,D:/Zhiyuan/20231113_CT/T8Pure\Cali-00292_0.tif,2.4612,1.9202,,738.36,19.202
293,D:/Zhiyuan/20231113_CT/T8Pure\Cali-00293_0.tif,2.451,1.9253,,735.3,19.253
294,D:/Zhiyuan/20231113_CT/T8Pure\Cali-00294_0.tif,2.4358,1.9304,,730.74,19.304
295,D:/Zhiyuan/20231113_CT/T8Pure\Cali-00295_0.tif,2.4307,1.9406,,729.21,19.406
296,D:/Zhiyuan/20231113_CT/T8Pure\Cali-00296_0.tif,2.4154,1.9457,,724.62,19.457
297,D:/Zhiyuan/20231113_CT/T8Pure\Cali-00297_0.tif,2.4052,1.9508,,721.56,19.508
298,D:/Zhiyuan/20231113_CT/T8Pure\Cali-00298_0.tif,2.39,1.9609,,717,19.609
299,D:/Zhiyuan/20231113_CT/T8Pure\Cali-00299_0.tif,2.3798,1.966,,713.94,19.66
300,D:/Zhiyuan/20231113_CT/T8Pure\Cali-00300_0.tif,2.3747,1.9711,,712.41,19.711
301,D:/Zhiyuan/20231113_CT/T8Pure\Cali-00301_0.tif,2.3595,1.9762,,707.85,19.762
302,D:/Zhiyuan/20231113_CT/T8Pure\Cali-00302_0.tif,2.3493,1.9813,,704.79,19.813
303,D:/Zhiyuan/20231113_CT/T8Pure\Cali-00303_0.tif,2.3391,1.9915,,701.73,19.915
304,D:/Zhiyuan/20231113_CT/T8Pure\Cali-00304_0.tif,2.329,1.9966,,698.7,19.966
305,D:/Zhiyuan/20231113_CT/T8Pure\Cali-00305_0.tif,2.3188,2.0067,,695.64,20.067
306,D:/Zhiyuan/20231113_CT/T8Pure\Cali-00306_0.tif,2.3035,2.0067,,691.05,20.067
307,D:/Zhiyuan/20231113_CT/T8Pure\Cali-00307_0.tif,2.2933,2.0169,,687.99,20.169
308,D:/Zhiyuan/20231113_CT/T8Pure\Cali-00308_0.tif,2.2832,2.0271,,684.96,20.271
309,D:/Zhiyuan/20231113_CT/T8Pure\Cali-00309_0.tif,2.2679,2.0322,,680.37,20.322
310,D:/Zhiyuan/20231113_CT/T8Pure\Cali-00310_0.tif,2.2628,2.0373,,678.84,20.373
311,D:/Zhiyuan/20231113_CT/T8Pure\Cali-00311_0.tif,2.2527,2.0474,,675.81,20.474
312,D:/Zhiyuan/20231113_CT/T8Pure\Cali-00312_0.tif,2.2425,2.0474,,672.75,20.474
313,D:/Zhiyuan/20231113_CT/T8Pure\Cali-00313_0.tif,2.2272,2.0576,,668.16,20.576
314,D:/Zhiyuan/20231113_CT/T8Pure\Cali-00314_0.tif,2.2171,2.0678,,665.13,20.678
315,D:/Zhiyuan/20231113_CT/T8Pure\Cali-00315_0.tif,2.212,2.0678,,663.6,20.678
316,D:/Zhiyuan/20231113_CT/T8Pure\Cali-00316_0.tif,2.1967,2.078,,659.01,20.78
317,D:/Zhiyuan/20231113_CT/T8Pure\Cali-00317_0.tif,2.1865,2.0831,,655.95,20.831
318,D:/Zhiyuan/20231113_CT/T8Pure\Cali-00318_0.tif,2.1764,2.0932,,652.92,20.932
319,D:/Zhiyuan/20231113_CT/T8Pure\Cali-00319_0.tif,2.1662,2.0983,,649.86,20.983
320,D:/Zhiyuan/20231113_CT/T8Pure\Cali-00320_0.tif,2.156,2.1034,,646.8,21.034
321,D:/Zhiyuan/20231113_CT/T8Pure\Cali-00321_0.tif,2.1458,2.1085,,643.74,21.085
322,D:/Zhiyuan/20231113_CT/T8Pure\Cali-00322_0.tif,2.1357,2.1187,,640.71,21.187
323,D:/Zhiyuan/20231113_CT/T8Pure\Cali-00323_0.tif,2.1255,2.1238,,637.65,21.238
324,D:/Zhiyuan/20231113_CT/T8Pure\Cali-00324_0.tif,2.1102,2.1288,,633.06,21.288
325,D:/Zhiyuan/20231113_CT/T8Pure\Cali-00325_0.tif,2.1052,2.139,,631.56,21.39
326,D:/Zhiyuan/20231113_CT/T8Pure\Cali-00326_0.tif,2.095,2.1441,,628.5,21.441
327,D:/Zhiyuan/20231113_CT/T8Pure\Cali-00327_0.tif,2.0848,2.1492,,625.44,21.492
328,D:/Zhiyuan/20231113_CT/T8Pure\Cali-00328_0.tif,2.0746,2.1594,,622.38,21.594
329,D:/Zhiyuan/20231113_CT/T8Pure\Cali-00329_0.tif,2.0645,2.1645,,619.35,21.645
330,D:/Zhiyuan/20231113_CT/T8Pure\Cali-00330_0.tif,2.0543,2.1695,,616.29,21.695
331,D:/Zhiyuan/20231113_CT/T8Pure\Cali-00331_0.tif,2.0441,2.1797,,613.23,21.797
332,D:/Zhiyuan/20231113_CT/T8Pure\Cali-00332_0.tif,2.034,2.1848,,610.2,21.848
333,D:/Zhiyuan/20231113_CT/T8Pure\Cali-00333_0.tif,2.0238,2.1899,,607.14,21.899
334,D:/Zhiyuan/20231113_CT/T8Pure\Cali-00334_0.tif,2.0085,2.2001,,602.55,22.001
335,D:/Zhiyuan/20231113_CT/T8Pure\Cali-00335_0.tif,2.0034,2.2052,,601.02,22.052
336,D:/Zhiyuan/20231113_CT/T8Pure\Cali-00336_0.tif,1.9933,2.2102,,597.99,22.102
337,D:/Zhiyuan/20231113_CT/T8Pure\Cali-00337_0.tif,1.9831,2.2153,,594.93,22.153
338,D:/Zhiyuan/20231113_CT/T8Pure\Cali-00338_0.tif,1.9729,2.2255,,591.87,22.255
339,D:/Zhiyuan/20231113_CT/T8Pure\Cali-00339_0.tif,1.9627,2.2306,,588.81,22.306
340,D:/Zhiyuan/20231113_CT/T8Pure\Cali-00340_0.tif,1.9526,2.2408,,585.78,22.408
341,D:/Zhiyuan/20231113_CT/T8Pure\Cali-00341_0.tif,1.9424,2.2459,,582.72,22.459
342,D:/Zhiyuan/20231113_CT/T8Pure\Cali-00342_0.tif,1.9322,2.2509,,579.66,22.509
343,D:/Zhiyuan/20231113_CT/T8Pure\Cali-00343_0.tif,1.9221,2.256,,576.63,22.56
344,D:/Zhiyuan/20231113_CT/T8Pure\Cali-00344_0.tif,1.9119,2.2662,,573.57,22.662
345,D:/Zhiyuan/20231113_CT/T8Pure\Cali-00345_0.tif,1.9017,2.2713,,570.51,22.713
346,D:/Zhiyuan/20231113_CT/T8Pure\Cali-00346_0.tif,1.8915,2.2815,,567.45,22.815
347,D:/Zhiyuan/20231113_CT/T8Pure\Cali-00347_0.tif,1.8814,2.2866,,564.42,22.866
348,D:/Zhiyuan/20231113_CT/T8Pure\Cali-00348_0.tif,1.8712,2.2916,,561.36,22.916
349,D:/Zhiyuan/20231113_CT/T8Pure\Cali-00349_0.tif,1.8661,2.2967,,559.83,22.967
350,D:/Zhiyuan/20231113_CT/T8Pure\Cali-00350_0.tif,1.8508,2.3069,,555.24,23.069
351,D:/Zhiyuan/20231113_CT/T8Pure\Cali-00351_0.tif,1.8407,2.312,,552.21,23.12
352,D:/Zhiyuan/20231113_CT/T8Pure\Cali-00352_0.tif,1.8305,2.3171,,549.15,23.171
353,D:/Zhiyuan/20231113_CT/T8Pure\Cali-00353_0.tif,1.8203,2.3222,,546.09,23.222
354,D:/Zhiyuan/20231113_CT/T8Pure\Cali-00354_0.tif,1.8102,2.3323,,543.06,23.323
355,D:/Zhiyuan/20231113_CT/T8Pure\Cali-00355_0.tif,1.8051,2.3374,,541.53,23.374
356,D:/Zhiyuan/20231113_CT/T8Pure\Cali-00356_0.tif,1.7949,2.3476,,538.47,23.476
357,D:/Zhiyuan/20231113_CT/T8Pure\Cali-00357_0.tif,1.7847,2.3527,,535.41,23.527
358,D:/Zhiyuan/20231113_CT/T8Pure\Cali-00358_0.tif,1.7746,2.3578,,532.38,23.578
359,D:/Zhiyuan/20231113_CT/T8Pure\Cali-00359_0.tif,1.7644,2.3629,,529.32,23.629
360,D:/Zhiyuan/20231113_CT/T8Pure\Cali-00360_0.tif,1.7542,2.373,,526.26,23.73
361,D:/Zhiyuan/20231113_CT/T8Pure\Cali-00361_0.tif,1.744,2.3781,,523.2,23.781
362,D:/Zhiyuan/20231113_CT/T8Pure\Cali-00362_0.tif,1.739,2.3832,,521.7,23.832
363,D:/Zhiyuan/20231113_CT/T8Pure\Cali-00363_0.tif,1.7237,2.3934,,517.11,23.934
364,D:/Zhiyuan/20231113_CT/T8Pure\Cali-00364_0.tif,1.7186,2.3985,,515.58,23.985
365,D:/Zhiyuan/20231113_CT/T8Pure\Cali-00365_0.tif,1.7084,2.4036,,512.52,24.036
366,D:/Zhiyuan/20231113_CT/T8Pure\Cali-00366_0.tif,1.6983,2.4137,,509.49,24.137
367,D:/Zhiyuan/20231113_CT/T8Pure\Cali-00367_0.tif,1.683,2.4137,,504.9,24.137
368,D:/Zhiyuan/20231113_CT/T8Pure\Cali-00368_0.tif,1.6779,2.4239,,503.37,24.239
369,D:/Zhiyuan/20231113_CT/T8Pure\Cali-00369_0.tif,1.6677,2.429,,500.31,24.29
370,D:/Zhiyuan/20231113_CT/T8Pure\Cali-00370_0.tif,1.6576,2.4341,,497.28,24.341
371,D:/Zhiyuan/20231113_CT/T8Pure\Cali-00371_0.tif,1.6474,2.4443,,494.22,24.443
372,D:/Zhiyuan/20231113_CT/T8Pure\Cali-00372_0.tif,1.6372,2.4544,,491.16,24.544
373,D:/Zhiyuan/20231113_CT/T8Pure\Cali-00373_0.tif,1.6321,2.4544,,489.63,24.544
374,D:/Zhiyuan/20231113_CT/T8Pure\Cali-00374_0.tif,1.622,2.4646,,486.6,24.646
375,D:/Zhiyuan/20231113_CT/T8Pure\Cali-00375_0.tif,1.6118,2.4697,,483.54,24.697
376,D:/Zhiyuan/20231113_CT/T8Pure\Cali-00376_0.tif,1.6016,2.4799,,480.48,24.799
377,D:/Zhiyuan/20231113_CT/T8Pure\Cali-00377_0.tif,1.5915,2.485,,477.45,24.85
378,D:/Zhiyuan/20231113_CT/T8Pure\Cali-00378_0.tif,1.5864,2.4901,,475.92,24.901
379,D:/Zhiyuan/20231113_CT/T8Pure\Cali-00379_0.tif,1.5762,2.4952,,472.86,24.952
380,D:/Zhiyuan/20231113_CT/T8Pure\Cali-00380_0.tif,1.566,2.5053,,469.8,25.053
381,D:/Zhiyuan/20231113_CT/T8Pure\Cali-00381_0.tif,1.5558,2.5104,,466.74,25.104
382,D:/Zhiyuan/20231113_CT/T8Pure\Cali-00382_0.tif,1.5508,2.5155,,465.24,25.155
383,D:/Zhiyuan/20231113_CT/T8Pure\Cali-00383_0.tif,1.5406,2.5257,,462.18,25.257
384,D:/Zhiyuan/20231113_CT/T8Pure\Cali-00384_0.tif,1.5304,2.5308,,459.12,25.308
385,D:/Zhiyuan/20231113_CT/T8Pure\Cali-00385_0.tif,1.5202,2.5359,,456.06,25.359
386,D:/Zhiyuan/20231113_CT/T8Pure\Cali-00386_0.tif,1.5152,2.546,,454.56,25.46
387,D:/Zhiyuan/20231113_CT/T8Pure\Cali-00387_0.tif,1.505,2.5511,,451.5,25.511
388,D:/Zhiyuan/20231113_CT/T8Pure\Cali-00388_0.tif,1.4948,2.5562,,448.44,25.562
389,D:/Zhiyuan/20231113_CT/T8Pure\Cali-00389_0.tif,1.4846,2.5613,,445.38,25.613
390,D:/Zhiyuan/20231113_CT/T8Pure\Cali-00390_0.tif,1.4796,2.5715,,443.88,25.715
391,D:/Zhiyuan/20231113_CT/T8Pure\Cali-00391_0.tif,1.4694,2.5766,,440.82,25.766
392,D:/Zhiyuan/20231113_CT/T8Pure\Cali-00392_0.tif,1.4592,2.5816,,437.76,25.816
393,D:/Zhiyuan/20231113_CT/T8Pure\Cali-00393_0.tif,1.449,2.5918,,434.7,25.918
394,D:/Zhiyuan/20231113_CT/T8Pure\Cali-00394_0.tif,1.444,2.5969,,433.2,25.969
395,D:/Zhiyuan/20231113_CT/T8Pure\Cali-00395_0.tif,1.4389,2.6071,,431.67,26.071
396,D:/Zhiyuan/20231113_CT/T8Pure\Cali-00396_0.tif,1.4287,2.6122,,428.61,26.122
397,D:/Zhiyuan/20231113_CT/T8Pure\Cali-00397_0.tif,1.4185,2.6173,,425.55,26.173
398,D:/Zhiyuan/20231113_CT/T8Pure\Cali-00398_0.tif,1.4084,2.6223,,422.52,26.223
399,D:/Zhiyuan/20231113_CT/T8Pure\Cali-00399_0.tif,1.4033,2.6325,,420.99,26.325
400,D:/Zhiyuan/20231113_CT/T8Pure\Cali-00400_0.tif,1.3931,2.6376,,417.93,26.376
401,D:/Zhiyuan/20231113_CT/T8Pure\Cali-00401_0.tif,1.3829,2.6427,,414.87,26.427
402,D:/Zhiyuan/20231113_CT/T8Pure\Cali-00402_0.tif,1.3778,2.6529,,413.34,26.529
403,D:/Zhiyuan/20231113_CT/T8Pure\Cali-00403_0.tif,1.3677,2.658,,410.31,26.58
404,D:/Zhiyuan/20231113_CT/T8Pure\Cali-00404_0.tif,1.3575,2.663,,407.25,26.63
405,D:/Zhiyuan/20231113_CT/T8Pure\Cali-00405_0.tif,1.3524,2.6732,,405.72,26.732
406,D:/Zhiyuan/20231113_CT/T8Pure\Cali-00406_0.tif,1.3422,2.6783,,402.66,26.783
407,D:/Zhiyuan/20231113_CT/T8Pure\Cali-00407_0.tif,1.3371,2.6834,,401.13,26.834
408,D:/Zhiyuan/20231113_CT/T8Pure\Cali-00408_0.tif,1.327,2.6885,,398.1,26.885
409,D:/Zhiyuan/20231113_CT/T8Pure\Cali-00409_0.tif,1.3168,2.6987,,395.04,26.987
410,D:/Zhiyuan/20231113_CT/T8Pure\Cali-00410_0.tif,1.3117,2.7037,,393.51,27.037
411,D:/Zhiyuan/20231113_CT/T8Pure\Cali-00411_0.tif,1.3015,2.7088,,390.45,27.088
412,D:/Zhiyuan/20231113_CT/T8Pure\Cali-00412_0.tif,1.2965,2.719,,388.95,27.19
413,D:/Zhiyuan/20231113_CT/T8Pure\Cali-00413_0.tif,1.2863,2.7241,,385.89,27.241
414,D:/Zhiyuan/20231113_CT/T8Pure\Cali-00414_0.tif,1.2761,2.7292,,382.83,27.292
415,D:/Zhiyuan/20231113_CT/T8Pure\Cali-00415_0.tif,1.271,2.7394,,381.3,27.394
416,D:/Zhiyuan/20231113_CT/T8Pure\Cali-00416_0.tif,1.2659,2.7444,,379.77,27.444
417,D:/Zhiyuan/20231113_CT/T8Pure\Cali-00417_0.tif,1.2558,2.7495,,376.74,27.495
418,D:/Zhiyuan/20231113_CT/T8Pure\Cali-00418_0.tif,1.2456,2.7597,,373.68,27.597
419,D:/Zhiyuan/20231113_CT/T8Pure\Cali-00419_0.tif,1.2405,2.7597,,372.15,27.597
420,D:/Zhiyuan/20231113_CT/T8Pure\Cali-00420_0.tif,1.2303,2.7699,,369.09,27.699
421,D:/Zhiyuan/20231113_CT/T8Pure\Cali-00421_0.tif,1.2252,2.775,,367.56,27.75
422,D:/Zhiyuan/20231113_CT/T8Pure\Cali-00422_0.tif,1.2151,2.7851,,364.53,27.851
423,D:/Zhiyuan/20231113_CT/T8Pure\Cali-00423_0.tif,1.21,2.7902,,363,27.902
424,D:/Zhiyuan/20231113_CT/T8Pure\Cali-00424_0.tif,1.1998,2.7953,,359.94,27.953
425,D:/Zhiyuan/20231113_CT/T8Pure\Cali-00425_0.tif,1.1947,2.8004,,358.41,28.004
426,D:/Zhiyuan/20231113_CT/T8Pure\Cali-00426_0.tif,1.1896,2.8106,,356.88,28.106
427,D:/Zhiyuan/20231113_CT/T8Pure\Cali-00427_0.tif,1.1846,2.8157,,355.38,28.157
428,D:/Zhiyuan/20231113_CT/T8Pure\Cali-00428_0.tif,1.1744,2.8258,,352.32,28.258
429,D:/Zhiyuan/20231113_CT/T8Pure\Cali-00429_0.tif,1.1642,2.8309,,349.26,28.309
430,D:/Zhiyuan/20231113_CT/T8Pure\Cali-00430_0.tif,1.1591,2.836,,347.73,28.36
431,D:/Zhiyuan/20231113_CT/T8Pure\Cali-00431_0.tif,1.149,2.8462,,344.7,28.462
432,D:/Zhiyuan/20231113_CT/T8Pure\Cali-00432_0.tif,1.1439,2.8513,,343.17,28.513
433,D:/Zhiyuan/20231113_CT/T8Pure\Cali-00433_0.tif,1.1388,2.8564,,341.64,28.564
434,D:/Zhiyuan/20231113_CT/T8Pure\Cali-00434_0.tif,1.1337,2.8615,,340.11,28.615
435,D:/Zhiyuan/20231113_CT/T8Pure\Cali-00435_0.tif,1.1235,2.8665,,337.05,28.665
436,D:/Zhiyuan/20231113_CT/T8Pure\Cali-00436_0.tif,1.1134,2.8767,,334.02,28.767
437,D:/Zhiyuan/20231113_CT/T8Pure\Cali-00437_0.tif,1.1083,2.8818,,332.49,28.818
438,D:/Zhiyuan/20231113_CT/T8Pure\Cali-00438_0.tif,1.1032,2.892,,330.96,28.92
439,D:/Zhiyuan/20231113_CT/T8Pure\Cali-00439_0.tif,1.093,2.8971,,327.9,28.971
440,D:/Zhiyuan/20231113_CT/T8Pure\Cali-00440_0.tif,1.0879,2.9022,,326.37,29.022
441,D:/Zhiyuan/20231113_CT/T8Pure\Cali-00441_0.tif,1.0828,2.9123,,324.84,29.123
442,D:/Zhiyuan/20231113_CT/T8Pure\Cali-00442_0.tif,1.0727,2.9174,,321.81,29.174
443,D:/Zhiyuan/20231113_CT/T8Pure\Cali-00443_0.tif,1.0676,2.9225,,320.28,29.225
444,D:/Zhiyuan/20231113_CT/T8Pure\Cali-00444_0.tif,1.0625,2.9327,,318.75,29.327
445,D:/Zhiyuan/20231113_CT/T8Pure\Cali-00445_0.tif,1.0574,2.9378,,317.22,29.378
446,D:/Zhiyuan/20231113_CT/T8Pure\Cali-00446_0.tif,1.0472,2.9429,,314.16,29.429
447,D:/Zhiyuan/20231113_CT/T8Pure\Cali-00447_0.tif,1.0421,2.948,,312.63,29.48
448,D:/Zhiyuan/20231113_CT/T8Pure\Cali-00448_0.tif,1.0371,2.9581,,311.13,29.581
449,D:/Zhiyuan/20231113_CT/T8Pure\Cali-00449_0.tif,1.032,2.9632,,309.6,29.632
450,D:/Zhiyuan/20231113_CT/T8Pure\Cali-00450_0.tif,1.0269,2.9683,,308.07,29.683
451,D:/Zhiyuan/20231113_CT/T8Pure\Cali-00451_0.tif,1.0167,2.9785,,305.01,29.785
452,D:/Zhiyuan/20231113_CT/T8Pure\Cali-00452_0.tif,1.0116,2.9836,,303.48,29.836
453,D:/Zhiyuan/20231113_CT/T8Pure\Cali-00453_0.tif,1.0065,2.9937,,301.95,29.937
454,D:/Zhiyuan/20231113_CT/T8Pure\Cali-00454_0.tif,0.9964,2.9937,,298.92,29.937
455,D:/Zhiyuan/20231113_CT/T8Pure\Cali-00455_0.tif,0.9913,3.0039,,297.39,30.039
456,D:/Zhiyuan/20231113_CT/T8Pure\Cali-00456_0.tif,0.9862,3.009,,295.86,30.09
457,D:/Zhiyuan/20231113_CT/T8Pure\Cali-00457_0.tif,0.9811,3.0141,,294.33,30.141
458,D:/Zhiyuan/20231113_CT/T8Pure\Cali-00458_0.tif,0.976,3.0243,,292.8,30.243
459,D:/Zhiyuan/20231113_CT/T8Pure\Cali-00459_0.tif,0.9709,3.0294,,291.27,30.294
460,D:/Zhiyuan/20231113_CT/T8Pure\Cali-00460_0.tif,0.9659,3.0395,,289.77,30.395
461,D:/Zhiyuan/20231113_CT/T8Pure\Cali-00461_0.tif,0.9557,3.0395,,286.71,30.395
462,D:/Zhiyuan/20231113_CT/T8Pure\Cali-00462_0.tif,0.9506,3.0497,,285.18,30.497
463,D:/Zhiyuan/20231113_CT/T8Pure\Cali-00463_0.tif,0.9455,3.0599,,283.65,30.599
464,D:/Zhiyuan/20231113_CT/T8Pure\Cali-00464_0.tif,0.9404,3.065,,282.12,30.65
465,D:/Zhiyuan/20231113_CT/T8Pure\Cali-00465_0.tif,0.9302,3.0701,,279.06,30.701
466,D:/Zhiyuan/20231113_CT/T8Pure\Cali-00466_0.tif,0.9252,3.0751,,277.56,30.751
467,D:/Zhiyuan/20231113_CT/T8Pure\Cali-00467_0.tif,0.9201,3.0853,,276.03,30.853
468,D:/Zhiyuan/20231113_CT/T8Pure\Cali-00468_0.tif,0.915,3.0904,,274.5,30.904
469,D:/Zhiyuan/20231113_CT/T8Pure\Cali-00469_0.tif,0.9099,3.0955,,272.97,30.955
470,D:/Zhiyuan/20231113_CT/T8Pure\Cali-00470_0.tif,0.9048,3.1006,,271.44,31.006
471,D:/Zhiyuan/20231113_CT/T8Pure\Cali-00471_0.tif,0.8997,3.1057,,269.91,31.057
472,D:/Zhiyuan/20231113_CT/T8Pure\Cali-00472_0.tif,0.8946,3.1158,,268.38,31.158
473,D:/Zhiyuan/20231113_CT/T8Pure\Cali-00473_0.tif,0.8845,3.1209,,265.35,31.209
474,D:/Zhiyuan/20231113_CT/T8Pure\Cali-00474_0.tif,0.8845,3.126,,265.35,31.26
475,D:/Zhiyuan/20231113_CT/T8Pure\Cali-00475_0.tif,0.8743,3.1362,,262.29,31.362
476,D:/Zhiyuan/20231113_CT/T8Pure\Cali-00476_0.tif,0.8692,3.1413,,260.76,31.413
477,D:/Zhiyuan/20231113_CT/T8Pure\Cali-00477_0.tif,0.8641,3.1464,,259.23,31.464
478,D:/Zhiyuan/20231113_CT/T8Pure\Cali-00478_0.tif,0.859,3.1565,,257.7,31.565
479,D:/Zhiyuan/20231113_CT/T8Pure\Cali-00479_0.tif,0.854,3.1616,,256.2,31.616
480,D:/Zhiyuan/20231113_CT/T8Pure\Cali-00480_0.tif,0.8489,3.1667,,254.67,31.667
481,D:/Zhiyuan/20231113_CT/T8Pure\Cali-00481_0.tif,0.8438,3.1769,,253.14,31.769
482,D:/Zhiyuan/20231113_CT/T8Pure\Cali-00482_0.tif,0.8336,3.182,,250.08,31.82
483,D:/Zhiyuan/20231113_CT/T8Pure\Cali-00483_0.tif,0.8285,3.1871,,248.55,31.871
484,D:/Zhiyuan/20231113_CT/T8Pure\Cali-00484_0.tif,0.8285,3.1972,,248.55,31.972
485,D:/Zhiyuan/20231113_CT/T8Pure\Cali-00485_0.tif,0.8234,3.2023,,247.02,32.023
486,D:/Zhiyuan/20231113_CT/T8Pure\Cali-00486_0.tif,0.8184,3.2125,,245.52,32.125
487,D:/Zhiyuan/20231113_CT/T8Pure\Cali-00487_0.tif,0.8133,3.2176,,243.99,32.176
488,D:/Zhiyuan/20231113_CT/T8Pure\Cali-00488_0.tif,0.8031,3.2227,,240.93,32.227
489,D:/Zhiyuan/20231113_CT/T8Pure\Cali-00489_0.tif,0.798,3.2329,,239.4,32.329
490,D:/Zhiyuan/20231113_CT/T8Pure\Cali-00490_0.tif,0.7929,3.2329,,237.87,32.329
491,D:/Zhiyuan/20231113_CT/T8Pure\Cali-00491_0.tif,0.7878,3.243,,236.34,32.43
492,D:/Zhiyuan/20231113_CT/T8Pure\Cali-00492_0.tif,0.7827,3.2481,,234.81,32.481
493,D:/Zhiyuan/20231113_CT/T8Pure\Cali-00493_0.tif,0.7827,3.2583,,234.81,32.583
494,D:/Zhiyuan/20231113_CT/T8Pure\Cali-00494_0.tif,0.7777,3.2634,,233.31,32.634
495,D:/Zhiyuan/20231113_CT/T8Pure\Cali-00495_0.tif,0.7675,3.2685,,230.25,32.685
496,D:/Zhiyuan/20231113_CT/T8Pure\Cali-00496_0.tif,0.7624,3.2736,,228.72,32.736
497,D:/Zhiyuan/20231113_CT/T8Pure\Cali-00497_0.tif,0.7573,3.2837,,227.19,32.837
498,D:/Zhiyuan/20231113_CT/T8Pure\Cali-00498_0.tif,0.7522,3.2888,,225.66,32.888
499,D:/Zhiyuan/20231113_CT/T8Pure\Cali-00499_0.tif,0.7522,3.2939,,225.66,32.939
500,D:/Zhiyuan/20231113_CT/T8Pure\Cali-00500_0.tif,0.7471,3.3041,,224.13,33.041
501,D:/Zhiyuan/20231113_CT/T8Pure\Cali-00501_0.tif,0.7421,3.3092,,222.63,33.092
502,D:/Zhiyuan/20231113_CT/T8Pure\Cali-00502_0.tif,0.737,3.3143,,221.1,33.143
503,D:/Zhiyuan/20231113_CT/T8Pure\Cali-00503_0.tif,0.7319,3.3193,,219.57,33.193
504,D:/Zhiyuan/20231113_CT/T8Pure\Cali-00504_0.tif,0.7268,3.3295,,218.04,33.295
505,D:/Zhiyuan/20231113_CT/T8Pure\Cali-00505_0.tif,0.7217,3.3346,,216.51,33.346
506,D:/Zhiyuan/20231113_CT/T8Pure\Cali-00506_0.tif,0.7166,3.3448,,214.98,33.448
507,D:/Zhiyuan/20231113_CT/T8Pure\Cali-00507_0.tif,0.7115,3.3499,,213.45,33.499
508,D:/Zhiyuan/20231113_CT/T8Pure\Cali-00508_0.tif,0.7065,3.355,,211.95,33.55
509,D:/Zhiyuan/20231113_CT/T8Pure\Cali-00509_0.tif,0.7014,3.3651,,210.42,33.651
510,D:/Zhiyuan/20231113_CT/T8Pure\Cali-00510_0.tif,0.6963,3.3702,,208.89,33.702
511,D:/Zhiyuan/20231113_CT/T8Pure\Cali-00511_0.tif,0.6963,3.3753,,208.89,33.753
512,D:/Zhiyuan/20231113_CT/T8Pure\Cali-00512_0.tif,0.6912,3.3855,,207.36,33.855
513,D:/Zhiyuan/20231113_CT/T8Pure\Cali-00513_0.tif,0.6861,3.3906,,205.83,33.906
514,D:/Zhiyuan/20231113_CT/T8Pure\Cali-00514_0.tif,0.681,3.3957,,204.3,33.957
515,D:/Zhiyuan/20231113_CT/T8Pure\Cali-00515_0.tif,0.6759,3.4007,,202.77,34.007
516,D:/Zhiyuan/20231113_CT/T8Pure\Cali-00516_0.tif,0.6709,3.4109,,201.27,34.109
517,D:/Zhiyuan/20231113_CT/T8Pure\Cali-00517_0.tif,0.6658,3.416,,199.74,34.16
518,D:/Zhiyuan/20231113_CT/T8Pure\Cali-00518_0.tif,0.6658,3.4211,,199.74,34.211
519,D:/Zhiyuan/20231113_CT/T8Pure\Cali-00519_0.tif,0.6607,3.4313,,198.21,34.313
520,D:/Zhiyuan/20231113_CT/T8Pure\Cali-00520_0.tif,0.6607,3.4364,,198.21,34.364
521,D:/Zhiyuan/20231113_CT/T8Pure\Cali-00521_0.tif,0.6556,3.4415,,196.68,34.415
522,D:/Zhiyuan/20231113_CT/T8Pure\Cali-00522_0.tif,0.6505,3.4465,,195.15,34.465
523,D:/Zhiyuan/20231113_CT/T8Pure\Cali-00523_0.tif,0.6454,3.4567,,193.62,34.567
524,D:/Zhiyuan/20231113_CT/T8Pure\Cali-00524_0.tif,0.6403,3.4618,,192.09,34.618
525,D:/Zhiyuan/20231113_CT/T8Pure\Cali-00525_0.tif,0.6352,3.4669,,190.56,34.669
526,D:/Zhiyuan/20231113_CT/T8Pure\Cali-00526_0.tif,0.6352,3.4771,,190.56,34.771
527,D:/Zhiyuan/20231113_CT/T8Pure\Cali-00527_0.tif,0.6251,3.4822,,187.53,34.822
528,D:/Zhiyuan/20231113_CT/T8Pure\Cali-00528_0.tif,0.6251,3.4872,,187.53,34.872
529,D:/Zhiyuan/20231113_CT/T8Pure\Cali-00529_0.tif,0.62,3.4923,,186,34.923
530,D:/Zhiyuan/20231113_CT/T8Pure\Cali-00530_0.tif,0.6149,3.5025,,184.47,35.025
531,D:/Zhiyuan/20231113_CT/T8Pure\Cali-00531_0.tif,0.6149,3.5076,,184.47,35.076
532,D:/Zhiyuan/20231113_CT/T8Pure\Cali-00532_0.tif,0.6098,3.5178,,182.94,35.178
533,D:/Zhiyuan/20231113_CT/T8Pure\Cali-00533_0.tif,0.6047,3.5229,,181.41,35.229
534,D:/Zhiyuan/20231113_CT/T8Pure\Cali-00534_0.tif,0.6047,3.5279,,181.41,35.279
535,D:/Zhiyuan/20231113_CT/T8Pure\Cali-00535_0.tif,0.5996,3.533,,179.88,35.33
536,D:/Zhiyuan/20231113_CT/T8Pure\Cali-00536_0.tif,0.5946,3.5432,,178.38,35.432
537,D:/Zhiyuan/20231113_CT/T8Pure\Cali-00537_0.tif,0.5895,3.5483,,176.85,35.483
538,D:/Zhiyuan/20231113_CT/T8Pure\Cali-00538_0.tif,0.5895,3.5534,,176.85,35.534
539,D:/Zhiyuan/20231113_CT/T8Pure\Cali-00539_0.tif,0.5844,3.5585,,175.32,35.585
540,D:/Zhiyuan/20231113_CT/T8Pure\Cali-00540_0.tif,0.5793,3.5686,,173.79,35.686
541,D:/Zhiyuan/20231113_CT/T8Pure\Cali-00541_0.tif,0.5742,3.5737,,172.26,35.737
542,D:/Zhiyuan/20231113_CT/T8Pure\Cali-00542_0.tif,0.5742,3.5839,,172.26,35.839
543,D:/Zhiyuan/20231113_CT/T8Pure\Cali-00543_0.tif,0.5691,3.589,,170.73,35.89
544,D:/Zhiyuan/20231113_CT/T8Pure\Cali-00544_0.tif,0.564,3.5941,,169.2,35.941
545,D:/Zhiyuan/20231113_CT/T8Pure\Cali-00545_0.tif,0.564,3.5992,,169.2,35.992